http://javascript.info/node/5,https://javascript.info/deleted
http://javascript.info/node/95,https://javascript.info/deleted
http://javascript.info/node/19,https://javascript.info/deleted
http://javascript.info/node/7,https://javascript.info/deleted
http://javascript.info/node/22,https://javascript.info/deleted
http://javascript.info/node/138,https://javascript.info/deleted
http://javascript.info/node/75,https://javascript.info/deleted
http://javascript.info/node/15,https://javascript.info/deleted
http://javascript.info/node/37,https://javascript.info/deleted
http://javascript.info/node/101,https://javascript.info/deleted
http://javascript.info/node/63,https://javascript.info/deleted
http://javascript.info/node/65,https://javascript.info/deleted
http://javascript.info/node/126,https://javascript.info/deleted
http://javascript.info/node/108,https://javascript.info/deleted
http://javascript.info/node/30,https://javascript.info/deleted
http://javascript.info/node/123,https://javascript.info/deleted
http://javascript.info/node/142,https://javascript.info/deleted
http://javascript.info/node/139,https://javascript.info/deleted
http://javascript.info/node/144,https://javascript.info/deleted
http://javascript.info/node/140,https://javascript.info/deleted
http://javascript.info/node/132,https://javascript.info/deleted
http://javascript.info/node/146,https://javascript.info/deleted
http://javascript.info/node/135,https://javascript.info/deleted
http://javascript.info/node/9,https://javascript.info/deleted
http://javascript.info/node/55,https://javascript.info/deleted
http://javascript.info/node/27,https://javascript.info/deleted
http://javascript.info/node/117,https://javascript.info/deleted
http://javascript.info/node/11,https://javascript.info/deleted
http://javascript.info/node/54,https://javascript.info/deleted
http://javascript.info/node/8,https://javascript.info/deleted
http://javascript.info/node/97,https://javascript.info/deleted
http://javascript.info/node/121,https://javascript.info/deleted
http://javascript.info/node/52,https://javascript.info/deleted
http://javascript.info/node/53,https://javascript.info/deleted
http://javascript.info/node/23,https://javascript.info/deleted
http://javascript.info/node/151,https://javascript.info/deleted
http://javascript.info/node/80,https://javascript.info/deleted
http://javascript.info/node/152,https://javascript.info/deleted
http://javascript.info/node/149,https://javascript.info/deleted
http://javascript.info/node/116,https://javascript.info/deleted
http://javascript.info/node/26,https://javascript.info/deleted
http://javascript.info/node/81,https://javascript.info/deleted
http://javascript.info/node/44,https://javascript.info/deleted
http://javascript.info/node/145,https://javascript.info/deleted
http://javascript.info/node/69,https://javascript.info/deleted
http://javascript.info/node/143,https://javascript.info/deleted
http://javascript.info/node/157,https://javascript.info/deleted
http://javascript.info/node/148,https://javascript.info/deleted
http://javascript.info/node/159,https://javascript.info/deleted
http://javascript.info/node/147,https://javascript.info/deleted
http://learning.javascript.info/node/98,https://javascript.info/deleted
http://javascript.info/node/45,https://javascript.info/deleted
http://javascript.info/node/68,https://javascript.info/deleted
http://javascript.info/node/134,https://javascript.info/deleted
http://javascript.info/node/156,https://javascript.info/deleted
http://javascript.info/node/166,https://javascript.info/deleted
http://javascript.info/node/66,https://javascript.info/deleted
http://javascript.info/node/107,https://javascript.info/deleted
http://javascript.info/node/167,https://javascript.info/deleted
http://javascript.info/node/194,https://javascript.info/deleted
http://javascript.info/node/223,https://javascript.info/deleted
http://javascript.info/node/224,https://javascript.info/deleted
http://javascript.info/node/222,https://javascript.info/deleted
http://javascript.info/node/112,https://javascript.info/deleted
http://javascript.info/node/220,https://javascript.info/deleted
http://javascript.info/node/154,https://javascript.info/deleted
http://javascript.info/node/192,https://javascript.info/deleted
http://javascript.info/node/164,https://javascript.info/deleted
http://javascript.info/node/115,https://javascript.info/deleted
http://javascript.info/node/114,https://javascript.info/deleted
http://javascript.info/node/133,https://javascript.info/deleted
http://javascript.info/node/64,https://javascript.info/deleted
http://javascript.info/node/228,https://javascript.info/deleted
http://javascript.info/node/205,https://javascript.info/deleted
http://javascript.info/node/47,https://javascript.info/deleted
http://javascript.info/node/49,https://javascript.info/deleted
http://javascript.info/node/240,https://javascript.info/deleted
http://javascript.info/node/131,https://javascript.info/deleted
http://javascript.info/node/249,https://javascript.info/deleted
http://javascript.info/node/165,https://javascript.info/deleted
http://javascript.info/node/201,https://javascript.info/deleted
http://javascript.info/node/193,https://javascript.info/deleted
http://javascript.info/node/252,https://javascript.info/deleted
http://javascript.info/node/251,https://javascript.info/deleted
http://javascript.info/node/253,https://javascript.info/deleted
http://javascript.info/node/203,https://javascript.info/deleted
http://javascript.info/node/176,https://javascript.info/deleted
http://javascript.info/node/197,https://javascript.info/deleted
http://javascript.info/node/266,https://javascript.info/deleted
http://javascript.info/node/204,https://javascript.info/deleted
http://javascript.info/node/198,https://javascript.info/deleted
http://javascript.info/node/254,https://javascript.info/deleted
http://javascript.info/node/260,https://javascript.info/deleted
http://javascript.info/node/273,https://javascript.info/deleted
http://javascript.info/node/200,https://javascript.info/deleted
http://javascript.info/node/274,https://javascript.info/deleted
http://javascript.info/node/280,https://javascript.info/deleted
http://javascript.info/node/279,https://javascript.info/deleted
http://javascript.info/node/278,https://javascript.info/deleted
http://javascript.info/node/199,https://javascript.info/deleted
http://javascript.info/node/285,https://javascript.info/deleted
http://javascript.info/node/283,https://javascript.info/deleted
http://javascript.info/node/295,https://javascript.info/deleted
http://javascript.info/node/292,https://javascript.info/deleted
http://javascript.info/node/113,https://javascript.info/deleted
http://javascript.info/node/298,https://javascript.info/deleted
http://javascript.info/node/3,https://javascript.info/deleted
http://javascript.info/node/277,https://javascript.info/deleted
http://javascript.info/node/299,https://javascript.info/deleted
http://javascript.info/node/136,https://javascript.info/deleted
https://learn.javascript.info,https://javascript.info/deleted
http://javascript.in/,https://javascript.info/deleted
http://localhost/,https://javascript.info/deleted
http://localhost:3000/,https://javascript.info/deleted
https://learn.javascript.info/class-inheritance,https://javascript.info/deleted
https://learn.javascript.info/structure,https://javascript.info/deleted
https://learn.javascript.info/destructuring-assignment,https://javascript.info/deleted
https://learn.javascript.info/comments,https://javascript.info/deleted
https://learn.javascript.info/intro,https://javascript.info/deleted
https://learn.javascript.info/devtools,https://javascript.info/deleted
https://learn.javascript.info/arrow-functions,https://javascript.info/deleted
https://learn.javascript.info/types,https://javascript.info/deleted
https://learn.javascript.info/oop-errors,https://javascript.info/deleted
https://learn.javascript.info/try-catch,https://javascript.info/deleted
https://learn.javascript.info/editor,https://javascript.info/deleted
https://learn.javascript.info/testing,https://javascript.info/deleted
https://learn.javascript.info/hello-world,https://javascript.info/deleted
https://learn.javascript.info/function-basics,https://javascript.info/deleted
https://learn.javascript.info/strict-mode,https://javascript.info/deleted
https://learn.javascript.info/logical-ops,https://javascript.info/deleted
https://learn.javascript.info/function-expressions-arrows,https://javascript.info/deleted
https://learn.javascript.info/while-for,https://javascript.info/deleted
https://learn.javascript.info/comparison,https://javascript.info/deleted
https://learn.javascript.info/operators,https://javascript.info/deleted
https://learn.javascript.info/closure,https://javascript.info/deleted
https://learn.javascript.info/javascript-specials,https://javascript.info/deleted
https://learn.javascript.info/map-set-weakmap-weakset,https://javascript.info/deleted
https://learn.javascript.info/function-object,https://javascript.info/deleted
https://learn.javascript.info/bind,https://javascript.info/deleted
https://learn.javascript.info/variables,https://javascript.info/deleted
https://learn.javascript.info/debugging-chrome,https://javascript.info/deleted
https://learn.javascript.info/ifelse,https://javascript.info/deleted
https://learn.javascript.info/coding-style,https://javascript.info/deleted
https://learn.javascript.info/object,https://javascript.info/deleted
https://learn.javascript.info/property-flags-descriptors,https://javascript.info/deleted
https://learn.javascript.info/iterable,https://javascript.info/deleted
https://learn.javascript.info/object-methods,https://javascript.info/deleted
https://learn.javascript.info/object-toprimitive,https://javascript.info/deleted
https://learn.javascript.info/recursion,https://javascript.info/deleted
https://learn.javascript.info/rest-parameters-spread-operator,https://javascript.info/deleted
https://learn.javascript.info/garbage-collection,https://javascript.info/deleted
https://learn.javascript.info/date,https://javascript.info/deleted
https://learn.javascript.info/class-patterns,https://javascript.info/deleted
https://learn.javascript.info/call-apply-decorators,https://javascript.info/deleted
https://learn.javascript.info/ninja-code,https://javascript.info/deleted
https://learn.javascript.info/new-function,https://javascript.info/deleted
https://learn.javascript.info/keys-values-entries,https://javascript.info/deleted
https://learn.javascript.info/symbol,https://javascript.info/deleted
https://learn.javascript.info/primitives-methods,https://javascript.info/deleted
https://learn.javascript.info/mixins,https://javascript.info/deleted
https://learn.javascript.info/json,https://javascript.info/deleted
https://learn.javascript.info/constructor-new,https://javascript.info/deleted
https://learn.javascript.info/type-conversions,https://javascript.info/deleted
https://learn.javascript.info/prototype,https://javascript.info/deleted
https://learn.javascript.info/custom-errors,https://javascript.info/deleted
https://learn.javascript.info/uibasic,https://javascript.info/deleted
https://learn.javascript.info/switch,https://javascript.info/deleted
https://learn.javascript.info/function-prototype,https://javascript.info/deleted
https://learn.javascript.info/array,https://javascript.info/deleted
https://learn.javascript.info/array-methods,https://javascript.info/deleted
https://learn.javascript.info/polyfills,https://javascript.info/deleted
https://learn.javascript.info/native-prototypes,https://javascript.info/deleted
https://learn.javascript.info/class,https://javascript.info/deleted
https://learn.javascript.info/global-object,https://javascript.info/deleted
https://learn.javascript.info/number,https://javascript.info/deleted
https://learn.javascript.info/string,https://javascript.info/deleted
https://learn.javascript.info/settimeout-setinterval,https://javascript.info/deleted
https://learn.javascript.info/property-accessors,https://javascript.info/deleted
https://learn.javascript.info/prototype-methods,https://javascript.info/deleted
https://learn.javascript.info/instanceof,https://javascript.info/deleted
https://learn.javascript.info/dom-nodes,https://javascript.info/deleted
https://learn.javascript.info/browser-environment,https://javascript.info/deleted
https://learn.javascript.info/dom-navigation,https://javascript.info/deleted
https://learn.javascript.info/searching-elements-dom,https://javascript.info/deleted
https://learn.javascript.info/styles-and-classes,https://javascript.info/deleted
https://learn.javascript.info/modifying-document,https://javascript.info/deleted
https://learn.javascript.info/introduction-browser-events,https://javascript.info/deleted
https://learn.javascript.info/bubbling-and-capturing,https://javascript.info/deleted
https://learn.javascript.info/event-delegation,https://javascript.info/deleted
https://learn.javascript.info/behavior,https://javascript.info/deleted
https://learn.javascript.info/default-browser-action,https://javascript.info/deleted
https://learn.javascript.info/attributes-and-properties,https://javascript.info/deleted
https://learn.javascript.info/basic-dom-node-properties,https://javascript.info/deleted
https://learn.javascript.info/coordinates,https://javascript.info/deleted
https://learn.javascript.info/size-and-scroll,https://javascript.info/deleted
https://learn.javascript.info/size-and-scroll-window,https://javascript.info/deleted
https://learn.javascript.info/dispatch-events,https://javascript.info/deleted
https://learn.javascript.info/,https://javascript.info/deleted
https://learn.javascript.info/clickjacking,https://javascript.info/deleted
https://learn.javascript.info/cross-window-communication,https://javascript.info/deleted
https://learn.javascript.info/popup-windows,https://javascript.info/deleted
https://learn.javascript.info/bezier-curve,https://javascript.info/deleted
https://learn.javascript.info/onload-ondomcontentloaded,https://javascript.info/deleted
https://learn.javascript.info/js-animation,https://javascript.info/deleted
https://learn.javascript.info/css-animations,https://javascript.info/deleted
https://learn.javascript.info/focus-blur,https://javascript.info/deleted
https://learn.javascript.info/keyboard-events,https://javascript.info/deleted
https://learn.javascript.info/prototype-inheritance,https://javascript.info/deleted
https://learn.javascript.info/searching-elements-in-dom,https://javascript.info/deleted
https://learn.javascript.info/mouse-events-basics,https://javascript.info/deleted
https://learn.javascript.info/regexp-character-classes,https://javascript.info/deleted
https://learn.javascript.info/regexp-introduction,https://javascript.info/deleted
https://learn.javascript.info/regexp-methods,https://javascript.info/deleted
https://learn.javascript.info/code-editors,https://javascript.info/deleted
https://learn.javascript.info/regexp-escaping,https://javascript.info/deleted
https://learn.javascript.info/var,https://javascript.info/deleted
https://learn.javascript.info/regexp-greedy-and-lazy,https://javascript.info/deleted
https://learn.javascript.info/logical-operators,https://javascript.info/deleted
https://learn.javascript.info/testing-mocha,https://javascript.info/deleted
https://learn.javascript.info/alert-prompt-confirm,https://javascript.info/deleted
https://learn.javascript.info/regexp-groups,https://javascript.info/deleted
https://learn.javascript.info/form-elements,https://javascript.info/deleted
https://learn.javascript.info/regexp-character-sets-and-ranges,https://javascript.info/deleted
https://learn.javascript.info/mouse-drag-and-drop,https://javascript.info/deleted
https://learn.javascript.info/dom-attributes-and-properties,https://javascript.info/deleted
https://learn.javascript.info/events-change-input,https://javascript.info/deleted
https://learn.javascript.info/regexp-alternation,https://javascript.info/deleted
https://learn.javascript.info/onscroll,https://javascript.info/deleted
https://learn.javascript.info/onload-onerror,https://javascript.info/deleted
https://learn.javascript.info/mousemove-mouseover-mouseout-mouseenter-mouseleave,https://javascript.info/deleted
https://learn.javascript.info/forms-submit,https://javascript.info/deleted
https://learn.javascript.info/regexp-anchors,https://javascript.info/deleted
https://learn.javascript.info/regexp-multiline-mode,https://javascript.info/deleted
https://learn.javascript.info/regexp-backreferences,https://javascript.info/deleted
https://learn.javascript.info/regexp-infinite-backtracking-problem,https://javascript.info/deleted
https://learn.javascript.info/currying-partials,https://javascript.info/deleted
https://learn.javascript.info/regexp-quantifiers,https://javascript.info/deleted
https://learn.javascript.info/regexp-unicode,https://javascript.info/deleted
https://learn.javascript.info/regexp-lookahead,https://javascript.info/deleted
https://javascript.info,https://javascript.info/deleted
https://javascript.info/property-descriptors,https://javascript.info/property-descriptors
http://javascript.info/,https://javascript.info/
http://javascript.info/javascript-specials,https://javascript.info/javascript-specials
http://javascript.info/ninja-code,https://javascript.info/ninja-code
http://javascript.info/polyfills,https://javascript.info/polyfills
http://javascript.info/symbol,https://javascript.info/symbol
http://javascript.info/object,https://javascript.info/object
http://javascript.info/primitives-methods,https://javascript.info/primitives-methods
http://javascript.info/object-methods,https://javascript.info/object-methods
http://javascript.info/object-toprimitive,https://javascript.info/object-toprimitive
http://javascript.info/iterable,https://javascript.info/iterable
http://javascript.info/map-set-weakmap-weakset,https://javascript.info/map-set-weakmap-weakset
http://multidict.net//wordlink/wordlink.php?sid=806897,https://javascript.info/deleted
http://multidict.net//wordlink/wordlink.php?sid=806899,https://javascript.info/deleted
http://localhost/?code=ANSoLDJXJmRjRayKrUko&scope=clouddrive%3Aread_all+clouddrive%3Awrite,https://javascript.info/deleted
https://javascript.info/callbacks,https://javascript.info/callbacks
https://javascript.info/promise-basics,https://javascript.info/promise-basics
https://javascript.info/promise-chaining,https://javascript.info/promise-chaining
https://javascript.info/async-await,https://javascript.info/async-await
https://javascript.info/promise-api,https://javascript.info/promise-api
https://javascript.info/regexp-groups,https://javascript.info/regexp-groups
http://javascript.info/intro,https://javascript.info/intro
http://javascript.info/hello-world,https://javascript.info/hello-world
https://javascript.info/hello-world,https://javascript.info/hello-world
https://javascript.info/clickjacking,https://javascript.info/clickjacking
http://javascript.info/css-animations,https://javascript.info/css-animations
https://javascript.info/,https://javascript.info/
https://javascript.info/intro,https://javascript.info/intro
https://javascript.info/function-expressions-arrows,https://javascript.info/function-expressions-arrows
http://javascript.info/dispatch-events,https://javascript.info/dispatch-events
https://javascript.info/browser-environment,https://javascript.info/browser-environment
http://javascript.info/focus-blur,https://javascript.info/focus-blur
https://javascript.info/onload-ondomcontentloaded,https://javascript.info/onload-ondomcontentloaded
http://javascript.info/dom-nodes,https://javascript.info/dom-nodes
https://javascript.info/array,https://javascript.info/array
http://javascript.info/dom-attributes-and-properties,https://javascript.info/dom-attributes-and-properties
https://javascript.info/keyboard-events,https://javascript.info/keyboard-events
https://javascript.info/regexp-anchors,https://javascript.info/regexp-anchors
https://javascript.info/regexp-alternation,https://javascript.info/regexp-alternation
https://javascript.info/date,https://javascript.info/date
https://javascript.info/mouse-events-basics,https://javascript.info/mouse-events-basics
http://javascript.info/settimeout-setinterval,https://javascript.info/settimeout-setinterval
http://javascript.info/coordinates,https://javascript.info/coordinates
https://javascript.info/function-basics,https://javascript.info/function-basics
https://javascript.info/alert-prompt-confirm,https://javascript.info/alert-prompt-confirm
https://javascript.info/types,https://javascript.info/types
https://javascript.info/type-conversions,https://javascript.info/type-conversions
https://javascript.info/object,https://javascript.info/object
http://javascript.info/arrow-functions,https://javascript.info/arrow-functions
https://javascript.info/settimeout-setinterval,https://javascript.info/settimeout-setinterval
https://javascript.info/searching-elements-dom,https://javascript.info/searching-elements-dom
https://javascript.info/testing-mocha,https://javascript.info/testing-mocha
https://javascript.info/garbage-collection,https://javascript.info/garbage-collection
https://javascript.info/symbol,https://javascript.info/symbol
http://javascript.info/js-animation,https://javascript.info/js-animation
http://javascript.info/json,https://javascript.info/json
http://javascript.info/mouse-drag-and-drop,https://javascript.info/mouse-drag-and-drop
http://javascript.info/onload-ondomcontentloaded,https://javascript.info/onload-ondomcontentloaded
https://javascript.info/object-methods,https://javascript.info/object-methods
https://javascript.info/cross-window-communication,https://javascript.info/cross-window-communication
https://javascript.info/bubbling-and-capturing,https://javascript.info/bubbling-and-capturing
https://javascript.info/logical-operators,https://javascript.info/logical-operators
https://javascript.info/operators,https://javascript.info/operators
http://javascript.info/cross-window-communication,https://javascript.info/cross-window-communication
https://javascript.info/js-animation,https://javascript.info/js-animation
https://javascript.info/object-toprimitive,https://javascript.info/object-toprimitive
https://javascript.info/constructor-new,https://javascript.info/constructor-new
https://javascript.info/primitives-methods,https://javascript.info/primitives-methods
https://javascript.info/number,https://javascript.info/number
https://javascript.info/string,https://javascript.info/string
https://javascript.info/array-methods,https://javascript.info/array-methods
https://javascript.info/iterable,https://javascript.info/iterable
https://javascript.info/map-set-weakmap-weakset,https://javascript.info/map-set-weakmap-weakset
https://javascript.info/keys-values-entries,https://javascript.info/keys-values-entries
https://javascript.info/destructuring-assignment,https://javascript.info/destructuring-assignment
https://javascript.info/json,https://javascript.info/json
https://javascript.info/regexp-greedy-and-lazy,https://javascript.info/regexp-greedy-and-lazy
https://javascript.info/regexp-methods,https://javascript.info/regexp-methods
http://javascript.info/comparison,https://javascript.info/comparison
http://javascript.info/alert-prompt-confirm,https://javascript.info/alert-prompt-confirm
https://javascript.info/try-catch,https://javascript.info/try-catch
http://javascript.info/ifelse,https://javascript.info/ifelse
https://javascript.info/comparison,https://javascript.info/comparison
https://javascript.info/call-apply-decorators?map,https://javascript.info/call-apply-decorators
https://javascript.info/mixins,https://javascript.info/mixins
https://javascript.info/instanceof,https://javascript.info/instanceof
https://javascript.info/property-accessors,https://javascript.info/property-accessors
https://javascript.info/prototype-inheritance,https://javascript.info/prototype-inheritance
http://javascript.info/testing-mocha,https://javascript.info/testing-mocha
https://javascript.info/function-prototype,https://javascript.info/function-prototype
https://javascript.info/native-prototypes,https://javascript.info/native-prototypes
https://javascript.info/prototype-methods,https://javascript.info/prototype-methods
http://javascript.info/code-editors,https://javascript.info/code-editors
https://javascript.info/bezier-curve,https://javascript.info/bezier-curve
http://javascript.info/regexp-introduction,https://javascript.info/regexp-introduction
http://javascript.info/regexp-methods,https://javascript.info/regexp-methods
http://javascript.info/function-expressions-arrows,https://javascript.info/function-expressions-arrows
http://javascript.info/types,https://javascript.info/types
http://javascript.info/class-patterns,https://javascript.info/class-patterns
https://javascript.info/structure,https://javascript.info/structure
http://javascript.info/logical-operators,https://javascript.info/logical-operators
http://javascript.info/while-for,https://javascript.info/while-for
https://javascript.info/dom-attributes-and-properties,https://javascript.info/dom-attributes-and-properties
http://javascript.info/var,https://javascript.info/var
http://javascript.info/switch,https://javascript.info/switch
https://javascript.info/ifelse,https://javascript.info/ifelse
https://javascript.info/ninja-code,https://javascript.info/ninja-code
https://javascript.info/regexp-escaping,https://javascript.info/regexp-escaping
http://javascript.info/browser-environment,https://javascript.info/browser-environment
https://javascript.info/dom-nodes,https://javascript.info/dom-nodes
http://javascript.info/garbage-collection,https://javascript.info/garbage-collection
https://javascript.info/popup-windows,https://javascript.info/popup-windows
http://javascript.info/number,https://javascript.info/number
https://javascript.info/closure,https://javascript.info/closure
https://javascript.info/variables,https://javascript.info/variables
https://javascript.info/javascript-specials,https://javascript.info/javascript-specials
https://javascript.info/focus-blur,https://javascript.info/focus-blur
https://javascript.info/call-apply-decorators,https://javascript.info/call-apply-decorators
https://javascript.info/basic-dom-node-properties,https://javascript.info/basic-dom-node-properties
http://javascript.info/variables,https://javascript.info/variables
http://javascript.info/type-conversions,https://javascript.info/type-conversions
https://javascript.info/regexp-introduction,https://javascript.info/regexp-introduction
http://javascript.info/operators,https://javascript.info/operators
https://javascript.info/regexp-character-classes,https://javascript.info/regexp-character-classes
http://javascript.info/mouse-events-basics,https://javascript.info/mouse-events-basics
https://javascript.info/code-editors,https://javascript.info/code-editors
https://javascript.info/devtools,https://javascript.info/devtools
https://javascript.info/regexp-character-sets-and-ranges,https://javascript.info/regexp-character-sets-and-ranges
https://javascript.info/regexp-unicode,https://javascript.info/regexp-unicode
http://javascript.info/function-basics,https://javascript.info/function-basics
https://javascript.info/regexp-quantifiers,https://javascript.info/regexp-quantifiers
http://javascript.info/strict-mode,https://javascript.info/strict-mode
https://javascript.info/strict-mode,https://javascript.info/strict-mode
https://javascript.info/regexp-backreferences,https://javascript.info/regexp-backreferences
https://javascript.info/regexp-lookahead,https://javascript.info/regexp-lookahead
https://javascript.info/regexp-multiline-mode,https://javascript.info/regexp-multiline-mode
https://javascript.info/regexp-infinite-backtracking-problem,https://javascript.info/regexp-infinite-backtracking-problem
http://javascript.info/callbacks,https://javascript.info/callbacks
https://javascript.info/introduction-browser-events,https://javascript.info/introduction-browser-events
http://javascript.info/bind,https://javascript.info/bind
http://javascript.info/event-delegation,https://javascript.info/event-delegation
https://javascript.info/debugging-chrome,https://javascript.info/debugging-chrome
https://javascript.info/coding-style,https://javascript.info/coding-style
http://javascript.info/promise-chaining,https://javascript.info/promise-chaining
https://javascript.info/while-for,https://javascript.info/while-for
http://javascript.info/promise-api,https://javascript.info/promise-api
https://javascript.info/coordinates,https://javascript.info/coordinates
https://javascript.info/switch,https://javascript.info/switch
https://javascript.info/recursion,https://javascript.info/recursion
https://javascript.info/class,https://javascript.info/class
https://javascript.info/modifying-document,https://javascript.info/modifying-document
http://javascript.info/debugging-chrome,https://javascript.info/debugging-chrome
https://javascript.info/comments,https://javascript.info/comments
https://javascript.info/polyfills,https://javascript.info/polyfills
http://javascript.info/date,https://javascript.info/date
https://javascript.info/dom-navigation,https://javascript.info/dom-navigation
http://javascript.info/bubbling-and-capturing,https://javascript.info/bubbling-and-capturing
http://javascript.info/devtools,https://javascript.info/devtools
http://javascript.info/coding-style,https://javascript.info/coding-style
https://javascript.info/var,https://javascript.info/var
https://javascript.info/form-elements,https://javascript.info/form-elements
http://javascript.info/promise-basics,https://javascript.info/promise-basics
https://javascript.info/size-and-scroll,https://javascript.info/size-and-scroll
http://javascript.info/clickjacking,https://javascript.info/clickjacking
https://javascript.info/styles-and-classes,https://javascript.info/styles-and-classes
http://javascript.info/custom-errors,https://javascript.info/custom-errors
https://translate.googleusercontent.com/translate_c?act=url&depth=1&hl=ja&ie=UTF8&prev=_t&rurl=translate.google.com&sl=en&sp=nmt4&tl=ja&u=https://javascript.info/hello-world&usg=ALkJrhiu6lLpZpjttl7__q9lNbLJ4y9cBg,https://javascript.info/deleted
http://javascript.info/constructor-new,https://javascript.info/constructor-new
http://javascript.info/string,https://javascript.info/string
http://javascript.info/array,https://javascript.info/array
https://javascript.info/event-delegation,https://javascript.info/event-delegation
http://javascript.info/array-methods,https://javascript.info/array-methods
http://javascript.info/keys-values-entries,https://javascript.info/keys-values-entries
http://javascript.info/keyboard-events,https://javascript.info/keyboard-events
http://javascript.info/destructuring-assignment,https://javascript.info/destructuring-assignment
http://javascript.info/global-object,https://javascript.info/global-object
http://javascript.info/function-object,https://javascript.info/function-object
https://javascript.info/rest-parameters-spread-operator,https://javascript.info/rest-parameters-spread-operator
http://javascript.info/dom-navigation,https://javascript.info/dom-navigation
http://javascript.info/searching-elements-dom,https://javascript.info/searching-elements-dom
http://javascript.info/basic-dom-node-properties,https://javascript.info/basic-dom-node-properties
http://javascript.info/modifying-document,https://javascript.info/modifying-document
https://javascript.info/dispatch-events,https://javascript.info/dispatch-events
http://javascript.info/property-descriptors,https://javascript.info/property-descriptors
http://javascript.info/rest-parameters-spread-operator,https://javascript.info/rest-parameters-spread-operator
https://javascript.info/class-inheritance,https://javascript.info/class-inheritance
https://javascript.info/onload-onerror,https://javascript.info/onload-onerror
http://javascript.info/prototype-inheritance,https://javascript.info/prototype-inheritance
https://javascript.info/arrow-functions,https://javascript.info/arrow-functions
http://javascript.info/structure,https://javascript.info/structure
https://javascript.info/recursion?map,https://javascript.info/recursion
https://javascript.info/class-patterns,https://javascript.info/class-patterns
https://javascript.info/custom-errors,https://javascript.info/custom-errors
https://javascript.info/global-object,https://javascript.info/global-object
https://javascript.info/function-object,https://javascript.info/function-object
https://javascript.info/new-function,https://javascript.info/new-function
https://javascript.info/bind,https://javascript.info/bind
https://javascript.info/currying-partials,https://javascript.info/currying-partials
https://javascript.info/size-and-scroll-window,https://javascript.info/size-and-scroll-window
https://javascript.info/default-browser-action,https://javascript.info/default-browser-action
https://javascript.info/mousemove-mouseover-mouseout-mouseenter-mouseleave,https://javascript.info/mousemove-mouseover-mouseout-mouseenter-mouseleave
https://javascript.info/mouse-drag-and-drop,https://javascript.info/mouse-drag-and-drop
https://javascript.info/onscroll,https://javascript.info/onscroll
https://javascript.info/events-change-input,https://javascript.info/events-change-input
https://javascript.info/forms-submit,https://javascript.info/forms-submit
https://javascript.info/css-animations,https://javascript.info/css-animations
http://javascript.info/try-catch,https://javascript.info/try-catch
http://javascript.info/styles-and-classes,https://javascript.info/styles-and-classes
http://javascript.info/size-and-scroll,https://javascript.info/size-and-scroll
http://javascript.info/size-and-scroll-window,https://javascript.info/size-and-scroll-window
http://javascript.info/mousemove-mouseover-mouseout-mouseenter-mouseleave,https://javascript.info/mousemove-mouseover-mouseout-mouseenter-mouseleave
http://javascript.info/onscroll,https://javascript.info/onscroll
http://javascript.info/onload-onerror,https://javascript.info/onload-onerror
http://javascript.info/form-elements,https://javascript.info/form-elements
http://javascript.info/recursion,https://javascript.info/recursion
http://javascript.info/events-change-input,https://javascript.info/events-change-input
http://javascript.info/closure,https://javascript.info/closure
http://javascript.info/forms-submit,https://javascript.info/forms-submit
http://javascript.info/bezier-curve,https://javascript.info/bezier-curve
http://javascript.info/popup-windows,https://javascript.info/popup-windows
http://javascript.info/new-function,https://javascript.info/new-function
http://javascript.info/call-apply-decorators,https://javascript.info/call-apply-decorators
http://javascript.info/default-browser-action,https://javascript.info/default-browser-action
http://javascript.info/currying-partials,https://javascript.info/currying-partials
http://javascript.info/property-accessors,https://javascript.info/property-accessors
http://javascript.info/function-prototype,https://javascript.info/function-prototype
http://javascript.info/native-prototypes,https://javascript.info/native-prototypes
http://javascript.info/prototype-methods,https://javascript.info/prototype-methods
http://javascript.info/class,https://javascript.info/class
http://javascript.info/class-inheritance,https://javascript.info/class-inheritance
http://javascript.info/instanceof,https://javascript.info/instanceof
http://javascript.info/mixins,https://javascript.info/mixins
http://javascript.info/introduction-browser-events,https://javascript.info/introduction-browser-events
http://javascript.info/async-await,https://javascript.info/async-await
https://translate.googleusercontent.com/translate_c?depth=1&hl=tr&prev=search&rurl=translate.google.com.tr&sl=en&sp=nmt4&u=https://javascript.info/popup-windows&usg=ALkJrhiMYBWNr6tGgkA4MR8yQzQqHHq0gQ,https://javascript.info/deleted
http://javascript.info/regexp-lookahead,https://javascript.info/regexp-lookahead
http://javascript.info/comments,https://javascript.info/comments
https://javascript.info/?nsukey=0PhlfIlrVR%2FIZ7APsvbN1BBMWy926eVRcR2XChIiVlczQn3laFcb0OwHq7umS9xvVmPmR3AqngDaVH3DC6i3WMPVd6dPR98d8MGAw39f%2BuEqN%2FOJX%2FG8hH%2FPiVssSfHvSuAE7hzUxXAkZ2L1kx9ZNZ6jOmyTelrCxIPVZjg5nayjV7j%2BV%2BPc4Iz6x40MC552,https://javascript.info/
https://javascript.info/?nsukey=gGTbIziIMwu8GdJvq9roH1RdXLcH56Hqj%2FA4iewkj9KJaQqN%2BpWNqSrtRDAXF6JHSxOM7e1coa%2F8RzszrW1XsQTeg2rJ4dnEhlGKtMBV7W738k561lFYZLkIKBPTjgXImdTOIS61S83GidUhoh9%2BtjSIVLXgB%2FtIP%2B%2B0pNwHqMzb4szE4CB2%2BiT4KQb2V%2F%2BA,https://javascript.info/
https://javascript.info/?nsukey=tg8OHifxeBibE9TH1EVa5lp3TfiFuysPbTH6x0CZ4DA6LLGgd%2FMK2IrZQ3MyhsbBJ6k2EjIQRpYGiM0AwFisMYj4B2yOjcBb8s1VCEV8i4Y4cRvf4KfktNHC7Q4PFeHxv0plO9tcy8%2Fl%2Ff9Vb1q%2F08227i0hy8aHAd4Zfw5j1%2FduUfpR4rV%2FpLEtslMTeDci,https://javascript.info/
https://translate.googleusercontent.com/translate_c?depth=1&hl=ja&prev=search&rurl=translate.google.co.jp&sl=en&sp=nmt4&u=https://javascript.info/cross-window-communication&usg=ALkJrhgVSZ_9JS5v5Hhylbu2V1VvU-x7Bg,https://javascript.info/deleted
http://javascript.info/regexp-quantifiers,https://javascript.info/regexp-quantifiers
http://javascript.info/regexp-infinite-backtracking-problem,https://javascript.info/regexp-infinite-backtracking-problem
https://javascript.info/intro?map,https://javascript.info/intro
https://javascript.info/object?map,https://javascript.info/object
http://javascript.info/regexp-character-sets-and-ranges,https://javascript.info/regexp-character-sets-and-ranges
https://javascript.info/comparison?map,https://javascript.info/comparison
https://webcache.googleusercontent.com/search?q=cache:J3TVCA30NJsJ:https://javascript.info/introduction-browser-events+&cd=8&hl=en&ct=clnk&gl=us,https://javascript.info/deleted
http://javascript.info/regexp-escaping,https://javascript.info/regexp-escaping
https://web.archive.org/web/20170525043136/https://javascript.info/,https://javascript.info/deleted
https://translate.googleusercontent.com/translate_c?depth=2&nv=1&rurl=translate.google.com&sl=auto&sp=nmt4&tl=it&u=https://javascript.info/size-and-scroll&usg=ALkJrhikpBVMEkXKUM_MnWpMJ14U4kSZOA,https://javascript.info/deleted
http://javascript.info/regexp-character-classes,https://javascript.info/regexp-character-classes
https://javascript.info/ninja-code?map,https://javascript.info/ninja-code
https://webcache.googleusercontent.com/search?q=cache:6VC3C_qOLW4J:https://javascript.info/+&cd=2&hl=en&ct=clnk&gl=us,https://javascript.info/deleted
https://translate.googleusercontent.com/translate_c?depth=1&hl=es&prev=search&rurl=translate.google.com.mx&sl=en&sp=nmt4&u=https://javascript.info/clickjacking&usg=ALkJrhhyYX69a0U_zhp92D1tKBRouNq8sA,https://javascript.info/deleted
http://javascript.info/regexp-methods?map,https://javascript.info/regexp-methods
https://translate.googleusercontent.com/translate_c?depth=1&hl=it&prev=search&rurl=translate.google.it&sl=en&sp=nmt4&u=https://javascript.info/focus-blur&usg=ALkJrhhMk_jmMsulSa0GgYuHg26w89365A,https://javascript.info/deleted
https://javascript.info/destructuring-assignment?map,https://javascript.info/destructuring-assignment
https://javascript.info/testing-mocha?map,https://javascript.info/testing-mocha
https://learn.javascript.info/xmlhttprequest,https://javascript.info/deleted
http://javascript.info/regexp-greedy-and-lazy,https://javascript.info/regexp-greedy-and-lazy
http://javascript.info/types?map,https://javascript.info/types
http://javascript.info/regexp-alternation,https://javascript.info/regexp-alternation
https://javascript.info/function-basics?_e_pi_=7%2CPAGE_ID10%2C2774047095,https://javascript.info/function-basics
https://translate.googleusercontent.com/translate_c?depth=1&hl=pt-BR&prev=search&rurl=translate.google.com.br&sl=en&sp=nmt4&u=https://javascript.info/popup-windows&usg=ALkJrhjha5z6odIWXRwuVDYt25gCxkMRwg,https://javascript.info/deleted
https://translate.googleusercontent.com/translate_c?depth=1&hl=cs&rurl=translate.google.cz&sl=en&sp=nmt4&tl=cs&u=https://javascript.info/object&usg=ALkJrhjtYYJ6a7t0khHh2h3QQsvEvxH-JQ,https://javascript.info/deleted
http://javascript.info/regexp-anchors,https://javascript.info/regexp-anchors
http://javascript.info/testing-mocha?map,https://javascript.info/testing-mocha
https://translate.googleusercontent.com/translate_c?depth=1&hl=fr&prev=search&rurl=translate.google.fr&sl=en&sp=nmt4&u=https://javascript.info/mouse-events-basics&usg=ALkJrhhpb4FGeF6lQ3SCYpjw2E-y2scQuQ,https://javascript.info/deleted
http://javascript.info/regexp-groups,https://javascript.info/regexp-groups
http://javascript.info/regexp-backreferences,https://javascript.info/regexp-backreferences
http://javascript.info/?p__g=n__w,https://javascript.info/
https://javascript.info/variables?map,https://javascript.info/variables
https://javascript.info/coding-style?map,https://javascript.info/coding-style
http://javascript.info/regexp-unicode,https://javascript.info/regexp-unicode
http://javascript.info/regexp-multiline-mode,https://javascript.info/regexp-multiline-mode
https://javascript.info/symbol?map,https://javascript.info/symbol
https://webcache.googleusercontent.com/search?q=cache:NqkTIDGxjwcJ:https://javascript.info/onload-ondomcontentloaded+&cd=2&hl=en&ct=clnk&gl=us,https://javascript.info/deleted
https://javascript.info/prototype-inheritance?map,https://javascript.info/prototype-inheritance
https://javascript.info/number?map,https://javascript.info/number
https://translate.googleusercontent.com/translate_c?depth=1&hl=it&prev=search&rurl=translate.google.it&sl=en&sp=nmt4&u=https://javascript.info/&usg=ALkJrhitwuB-IB_o36vwmMWQnsMtJH_zzQ,https://javascript.info/deleted
https://webcache.googleusercontent.com/search?q=cache:csfIizkF5eEJ:https://javascript.info/instanceof+&cd=6&hl=en&ct=clnk&gl=uk,https://javascript.info/deleted
https://translate.googleusercontent.com/translate_c?depth=1&hl=ar&prev=search&rurl=translate.google.com.eg&sl=en&sp=nmt4&u=https://javascript.info/&usg=ALkJrhi8upmEzHOBa4fgdeVins-__OYE4g,https://javascript.info/deleted
https://translate.googleusercontent.com/translate_c?depth=1&hl=ar&rurl=translate.google.com.eg&sl=auto&sp=nmt4&tl=ar&u=https://javascript.info/&usg=ALkJrhjD452nchYezVTRk5WNSibdtLa9vQ,https://javascript.info/deleted
https://translate.googleusercontent.com/translate_c?depth=1&hl=ar&prev=search&rurl=translate.google.com.eg&sl=en&sp=nmt4&u=https://javascript.info/recursion&usg=ALkJrhhRAgsz8sKfRHSL4nyoHY0-3uwoaA,https://javascript.info/deleted
https://javascript.info/map-set-weakmap-weakset?map,https://javascript.info/map-set-weakmap-weakset
https://javascript.info/polyfills?map,https://javascript.info/polyfills
https://translate.googleusercontent.com/translate_c?depth=1&rurl=translate.google.com&sp=nmt4&tl=es&u=https://javascript.info/onload-ondomcontentloaded&usg=ALkJrhgpkjPkCI6FBEr-2EyxaMYZOJGkDg,https://javascript.info/deleted
http://javascript.info/code-editors?map,https://javascript.info/code-editors
http://javascript.info/while-for?map,https://javascript.info/while-for
https://javascript.info/devtools?map,https://javascript.info/devtools
https://javascript.info/class-patterns?map,https://javascript.info/class-patterns
http://translate.baiducontent.com/transpage?query=http%3A%2F%2Fjavascript.info%2Ftutorial%2Ftraversing-dom&from=en&to=zh&source=url&origin=ps,https://javascript.info/deleted
https://javascript.info/function-expressions-arrows?map,https://javascript.info/function-expressions-arrows
"https://javascript.info/debugging-chrome?map%23%7B%22experiment%22:%22display_via_polymorph%22,%22position%22:%22top%22,%22variant%22:%22fallthrough%22%7D",https://javascript.info/deleted
"https://javascript.info/bubbling-and-capturing?map%23%7B%22experiment%22:%22display_via_polymorph%22,%22position%22:%22top%22,%22variant%22:%22display_on%22%7D",https://javascript.info/deleted
https://webcache.googleusercontent.com/search?q=cache:EpMve3-6S90J:https://javascript.info/callbacks+&cd=69&hl=en&ct=clnk&gl=us,https://javascript.info/deleted
https://codepen.io/carbonads/screenshot/yoVpWy/?TOTAL_NET_WORTH=oneBillion,https://javascript.info/deleted
https://javascript.info/dom-nodes?map,https://javascript.info/dom-nodes
http://html2pdf.com/files/blof20tmcfy2pt0q/o_1bnc7a6k41vdb84qvut1k0jgobe/alert-prompt-confirm.html,https://javascript.info/deleted
https://translate.googleusercontent.com/translate_c?depth=1&hl=de&prev=search&rurl=translate.google.de&sl=en&sp=nmt4&u=https://javascript.info/object&usg=ALkJrhjE1rTFK1CNlNRt28RRFHrms0nK4A,https://javascript.info/deleted
https://javascript.info/strict-mode?map,https://javascript.info/strict-mode
https://codepen.io/carbonads/screenshot/YxrYWj/?TOTAL_NET_WORTH=oneBillion,https://javascript.info/deleted
https://webcache.googleusercontent.com/search?q=cache:5w-C_8DJpW8J:https://javascript.info/date+&cd=5&hl=en&ct=clnk&gl=ie,https://javascript.info/deleted
http://javascript.info/settimeout-setinterval?map,https://javascript.info/settimeout-setinterval
https://javascript.info/callbacks?map,https://javascript.info/callbacks
http://javascript.info/intro?map,https://javascript.info/intro
https://javascript.info/dom-attributes-and-properties?map,https://javascript.info/dom-attributes-and-properties
https://tmp.javascript.info,https://javascript.info/deleted
https://javascript.info/async-await?map,https://javascript.info/async-await
https://webcache.googleusercontent.com/search?q=cache:NqkTIDGxjwcJ:https://javascript.info/onload-ondomcontentloaded+&cd=6&hl=pt-BR&ct=clnk&gl=br,https://javascript.info/deleted
https://javascript.info/?_sm_au_=iHVN7Z3FL098k5sH,https://javascript.info/
https://translate.googleusercontent.com/translate_c?depth=1&hl=fr&prev=search&rurl=translate.google.fr&sl=en&sp=nmt4&u=https://javascript.info/cross-window-communication&usg=ALkJrhihEh9jm-xNsB5nxhJ0USCDDbTdOQ,https://javascript.info/deleted
http://javascript.info/iterable?map,https://javascript.info/iterable
http://javascript.info/debugging-chrome?map,https://javascript.info/debugging-chrome
https://javascript.info/bezier-curve?map,https://javascript.info/bezier-curve
https://translate.googleusercontent.com/translate_c?depth=1&hl=bn&nv=1&rurl=translate.google.com&sp=nmt4&u=https://javascript.info/mouse-drag-and-drop&usg=ALkJrhhYk3hQgWMUaAEX07wG0G0ETM4heQ,https://javascript.info/deleted
http://javascript.info/clickjacking?map,https://javascript.info/clickjacking
http://javascript.info/ninja-code?map,https://javascript.info/ninja-code
http://javascript.info/function-expressions-arrows?map,https://javascript.info/function-expressions-arrows
http://javascript.info/closure?map,https://javascript.info/closure
https://translate.googleusercontent.com/translate_c?depth=1&hl=fr&prev=search&rurl=translate.google.be&sl=en&sp=nmt4&u=https://javascript.info/styles-and-classes&usg=ALkJrhgS83d4V7Raqp6FVqCl8_YeXu3d8w,https://javascript.info/deleted
https://translate.googleusercontent.com/translate_c?depth=1&hl=es&rurl=translate.google.co.ve&sl=en&sp=nmt4&tl=es&u=https://javascript.info/clickjacking&usg=ALkJrhgG8a_pi0MCXkN6byhlM15Yvfcp-w,https://javascript.info/deleted
http://javascript.info/regexp-quantifiers?map,https://javascript.info/regexp-quantifiers
https://javascript.info/iterable?map,https://javascript.info/iterable
http://javascript.info/comments?map,https://javascript.info/comments
https://javascript.info/object-toprimitive?map,https://javascript.info/object-toprimitive
https://javascript.info/regexp-methods?map,https://javascript.info/regexp-methods
https://javascript.info/garbage-collection?map,https://javascript.info/garbage-collection
https://javascript.info/global-object?nsukey=n3%2FB2paNW5b2useboFmJR0EX7ZO07y34ulgvowcQbrx6nYEmJGNYFYIHyh%2FkURlpZ%2BpL6p6G%2F6JSFwRpzyu96nXYNQbuPankghArhT3KeHyK5yC9c0FlGS4FjVkiNve3JeK5OB7zu40dmg6iACa6UF8fe3cr3lBDHTO1LsGM1uT3Pyqi10192SLXXCwtiQSp,https://javascript.info/global-object
https://javascript.info/array-methods?map,https://javascript.info/array-methods
https://translate.googleusercontent.com/translate_c?depth=1&hl=es&prev=search&rurl=translate.google.ch&sl=en&sp=nmt4&u=https://javascript.info/clickjacking&usg=ALkJrhh1_Ed1TBi5z2DH07K5ASsqyMiibQ,https://javascript.info/deleted
http://javascript.info/ifelse?map,https://javascript.info/ifelse
https://javascript.info/?from=groupmessage&nsukey=Qp7QyQt5tLctmxPROXGPYSt1tMsf2qlDkcemPMU7yQu6ewEEuvH3w2jodhmwR%2BZE6liNyc0T1Niv%2BF4d18AA9tSTzBnhhmfdSWmkF1dp13%2FwF8gsiclF7p2BM9O3Ai4o%2BCrl93zUqZ2DOdKNtexK8IBOhkZZsPWy36OdoyerCYu81sfoUKWPpxvunXnt4%2FkK,https://javascript.info/
https://javascript.info/function-basics?map,https://javascript.info/function-basics
http://javascript.info/variables?map,https://javascript.info/variables
https://javascript.info/?nsukey=iCdILTP%2FMgxmO6GoALcyIxH3Pojtb3cWFmCcROGurkoXkDzTPfMKIWMgXldcT%2Fw9TMEa7KzLMnkoR0LK0V2bNW1WCblEHYo1tWHYXPYqYKwjKbmZyd6fIAQeCMIVBFJ0C%2BxMkXo0Kr9hUpAWyBUkIKT0e8%2F1PDHOx3NBAFFyz0XUxTDaeuNejRrQt%2FCW5Rif,https://javascript.info/
https://translate.googleusercontent.com/translate_c?depth=1&hl=el&prev=search&rurl=translate.google.gr&sl=en&sp=nmt4&u=https://javascript.info/&usg=ALkJrhjiDBU8TJN9bJwQPL5bEvJcbVvjYQ,https://javascript.info/deleted
https://translate.googleusercontent.com/translate_c?depth=1&hl=el&prev=search&rurl=translate.google.gr&sl=en&sp=nmt4&u=https://javascript.info/intro&usg=ALkJrhgC82FW2Xal6oQEk8yhNcD_74aJVw,https://javascript.info/deleted
https://translate.googleusercontent.com/translate_c?depth=1&hl=el&prev=search&rurl=translate.google.gr&sl=en&sp=nmt4&u=https://javascript.info/code-editors&usg=ALkJrhiEpEr5YSh_bkGMM4yJQydNXgWtiA,https://javascript.info/deleted
https://translate.googleusercontent.com/translate_c?depth=1&hl=el&prev=search&rurl=translate.google.gr&sl=en&sp=nmt4&u=https://javascript.info/hello-world&usg=ALkJrhjQpsQ1eBD0c1-wY5jOK85iA84gWA,https://javascript.info/deleted
https://translate.googleusercontent.com/translate_c?depth=1&hl=el&prev=search&rurl=translate.google.gr&sl=en&sp=nmt4&u=https://javascript.info/structure&usg=ALkJrhhAK6JDkqj9E10DmJjwsma3C5FZvA,https://javascript.info/deleted
https://translate.googleusercontent.com/translate_c?depth=1&hl=el&prev=search&rurl=translate.google.gr&sl=en&sp=nmt4&u=https://javascript.info/devtools&usg=ALkJrhhnP_5vSIOPzHTydJq42qB0XVgl4w,https://javascript.info/deleted
https://javascript.info/?nsukey=viyvcsWPATXmaUcsZXrTNybspmXuCHWzY4k8lk5t31BoskHPYgi3Po7X%2FRyRuk4n4HTwou6lZ87MRFa4WzYey2hD5NbKTfgpfIB0u%2BesnV8XEDprG8gcGkBIFtrOyvvFGoE5IQ7ByYl8jv0TmVdHYLDLDhnE%2BmLDrAcENR7FHPu7lHPIPbI7HCxVVUqA3tMu,https://javascript.info/
https://translate.googleusercontent.com/translate_c?depth=1&hl=el&prev=search&rurl=translate.google.gr&sl=en&sp=nmt4&u=https://javascript.info/strict-mode&usg=ALkJrhjEwNlKCQlCbb4AoQ1PieLpESqmpA,https://javascript.info/deleted
https://translate.googleusercontent.com/translate_c?depth=1&hl=el&prev=search&rurl=translate.google.gr&sl=en&sp=nmt4&u=https://javascript.info/types&usg=ALkJrhiziplut1-DI3ergytBa6sU_1yoCg,https://javascript.info/deleted
https://translate.googleusercontent.com/translate_c?depth=1&hl=el&prev=search&rurl=translate.google.gr&sl=en&sp=nmt4&u=https://javascript.info/variables&usg=ALkJrhhezQJNCwQ7ruwNaDL9j7As6ureQA,https://javascript.info/deleted
https://translate.googleusercontent.com/translate_c?depth=1&ie=UTF8&nv=1&rurl=translate.google.com&sl=auto&sp=nmt4&tl=ar&u=https://javascript.info/&usg=ALkJrhju-2JCcOKU0yIFd8YGdSj-F8KzLw,https://javascript.info/deleted
https://translate.googleusercontent.com/translate_c?depth=3&ie=UTF8&nv=1&rurl=translate.google.com&sl=auto&sp=nmt4&tl=ar&u=https://javascript.info/&usg=ALkJrhjbAg58zzdlLyqKdh4btYmtGKsYMw,https://javascript.info/deleted
https://translate.googleusercontent.com/translate_c?depth=9&ie=UTF8&nv=1&rurl=translate.google.com&sl=auto&sp=nmt4&tl=ar&u=https://javascript.info/&usg=ALkJrhicJMqUNcD02yay0_VYTDvd2V7nWw,https://javascript.info/deleted
https://translate.googleusercontent.com/translate_c?depth=9&ie=UTF8&nv=1&rurl=translate.google.com&sl=auto&sp=nmt4&tl=ar&u=https://javascript.info/polyfills&usg=ALkJrhiCbXOq4Vn6u7bwTA0pm4-bk0wceg,https://javascript.info/deleted
https://translate.googleusercontent.com/translate_c?depth=1&hl=es&prev=search&rurl=translate.google.es&sl=en&sp=nmt4&u=https://javascript.info/&usg=ALkJrhg4qIQMkIZLlE0BG9gaxZXQba5aCw,https://javascript.info/deleted
https://translate.googleusercontent.com/translate_c?depth=1&hl=el&prev=search&rurl=translate.google.gr&sl=en&sp=nmt4&u=https://javascript.info/&usg=ALkJrhjwXx8kBcNucOeM1bWRHftIWKAIFA,https://javascript.info/deleted
https://translate.googleusercontent.com/translate_c?depth=1&hl=el&prev=search&rurl=translate.google.gr&sl=en&sp=nmt4&u=https://javascript.info/hello-world&usg=ALkJrhi8Fr4hUpqv7n2-RTgmtV6saaNfLw,https://javascript.info/deleted
https://translate.googleusercontent.com/translate_c?depth=1&prev=search&sl=en&sp=nmt4&u=https://javascript.info/clickjacking,https://javascript.info/deleted
https://translate.googleusercontent.com/translate_c?depth=1&prev=search&sl=en&sp=nmt4&u=https://javascript.info/,https://javascript.info/deleted
https://translate.googleusercontent.com/translate_c?depth=1&prev=search&sl=en&sp=nmt4&u=https://javascript.info/structure,https://javascript.info/deleted
https://translate.googleusercontent.com/translate_c?depth=1&prev=search&sl=en&sp=nmt4&u=https://javascript.info/strict-mode,https://javascript.info/deleted
https://translate.googleusercontent.com/translate_c?depth=1&prev=search&sl=en&sp=nmt4&u=https://javascript.info/variables,https://javascript.info/deleted
https://translate.googleusercontent.com/translate_c?depth=1&prev=search&sl=en&sp=nmt4&u=https://javascript.info/types,https://javascript.info/deleted
https://translate.googleusercontent.com/translate_c?depth=1&prev=search&sl=en&sp=nmt4&u=https://javascript.info/type-conversions,https://javascript.info/deleted
https://translate.googleusercontent.com/translate_c?depth=1&prev=search&sl=en&sp=nmt4&u=https://javascript.info/operators,https://javascript.info/deleted
https://javascript.info/object-toprimitive?_e_pi_=7%2CPAGE_ID10%2C7252996435,https://javascript.info/object-toprimitive
https://translate.googleusercontent.com/translate_c?depth=1&prev=search&sl=en&sp=nmt4&u=https://javascript.info/keyboard-events,https://javascript.info/deleted
https://translate.googleusercontent.com/translate_c?depth=1&prev=search&sl=en&sp=nmt4&u=https://javascript.info/js-animation,https://javascript.info/deleted
https://javascript.info/introduction-browser-events?map,https://javascript.info/introduction-browser-events
https://javascript.info/?nsukey=9kRLVplvKBqUBJBrbdo2jrLN4V1VYPLe%2FRW8Ia3ttIbUDb2WnJay%2BNyT1NyyiMLg1czw1GVqm%2FSqrOz8G0k%2FZM61a5alF4Un0A863344o2j89ybY3OAqgRBy2R4M8mD0rs0cDefeJEUbB4PWsHUEMIQb%2B3NzYIi30OmxrudG3RgIICWGu%2Feu0vbB8Jdsjx3%2F,https://javascript.info/
https://javascript.info/object-methods?map,https://javascript.info/object-methods
http://javascript.info/type-conversions?map,https://javascript.info/type-conversions
http://tmp.javascript.info/types,https://javascript.info/deleted
http://tmp.javascript.info/variables,https://javascript.info/deleted
http://tmp.javascript.info/strict-mode,https://javascript.info/deleted
http://tmp.javascript.info/hello-world,https://javascript.info/deleted
https://tmp.javascript.info/structure,https://javascript.info/deleted
http://tmp.javascript.info/devtools,https://javascript.info/deleted
http://tmp.javascript.info/code-editors,https://javascript.info/deleted
http://tmp.javascript.info/intro,https://javascript.info/deleted
http://tmp.javascript.info/debugging-chrome,https://javascript.info/deleted
http://tmp.javascript.info/javascript-specials,https://javascript.info/deleted
http://tmp.javascript.info/function-basics,https://javascript.info/deleted
http://tmp.javascript.info/switch,https://javascript.info/deleted
http://tmp.javascript.info/ifelse,https://javascript.info/deleted
https://tmp.javascript.info/function-expressions-arrows,https://javascript.info/deleted
http://tmp.javascript.info/alert-prompt-confirm,https://javascript.info/deleted
http://tmp.javascript.info/comparison,https://javascript.info/deleted
http://tmp.javascript.info/operators,https://javascript.info/deleted
https://tmp.javascript.info/while-for,https://javascript.info/deleted
http://tmp.javascript.info/coding-style,https://javascript.info/deleted
http://tmp.javascript.info/var,https://javascript.info/deleted
http://tmp.javascript.info/type-conversions,https://javascript.info/deleted
http://tmp.javascript.info/object,https://javascript.info/deleted
https://tmp.javascript.info/logical-operators,https://javascript.info/deleted
https://tmp.javascript.info/string,https://javascript.info/deleted
https://tmp.javascript.info/number,https://javascript.info/deleted
https://translate.googleusercontent.com/translate_c?depth=1&prev=search&sl=en&sp=nmt4&u=https://javascript.info/intro,https://javascript.info/deleted
https://javascript.info/basic-dom-node-properties?map,https://javascript.info/basic-dom-node-properties
https://javascript.info/onload-ondomcontentloaded?map,https://javascript.info/onload-ondomcontentloaded
https://javascript.info/javascript-specials?map,https://javascript.info/javascript-specials
https://webcache.googleusercontent.com/search?q=cache:VW9cabN3_kkJ:https://javascript.info/while-for+&cd=10&ct=clnk&client=firefox-a,https://javascript.info/deleted
https://web.archive.org/web/20170328022412/https://learn.javascript.info/,https://javascript.info/deleted
http://javascript.info/operators?map,https://javascript.info/operators
http://s-s.javascript.info.prx.uk.teleport.to.prx.uk.teleport.to,https://javascript.info/deleted
https://javascript.info/form-elements?login=use+fest+ne,https://javascript.info/form-elements
https://translate.googleusercontent.com/translate_c?act=url&depth=1&ie=UTF8&prev=_t&sl=en&sp=nmt4&tl=ru&u=https://javascript.info/primitives-methods,https://javascript.info/deleted
http://tmp.javascript.info/json,https://javascript.info/deleted
https://translate.googleusercontent.com/translate_c?depth=2&nv=1&sl=auto&sp=nmt4&tl=bn&u=https://javascript.info/,https://javascript.info/deleted
https://translate.googleusercontent.com/translate_c?depth=2&nv=1&sl=auto&sp=nmt4&tl=bn&u=https://javascript.info/strict-mode,https://javascript.info/deleted
https://translate.googleusercontent.com/translate_c?depth=1&prev=search&sl=en&sp=nmt4&u=https://javascript.info/hello-world,https://javascript.info/deleted
https://webcache.googleusercontent.com/search?q=cache:n3bsW5CpsSoJ:https://javascript.info/intro+&cd=10&ct=clnk&gl=us,https://javascript.info/deleted
https://webcache.googleusercontent.com/search?q=cache:6VC3C_qOLW4J:https://javascript.info/+&cd=2&ct=clnk&gl=us,https://javascript.info/deleted
https://translate.googleusercontent.com/translate_c?depth=2&nv=1&sl=auto&sp=nmt4&tl=bn&u=https://javascript.info/type-conversions,https://javascript.info/deleted
https://webcache.googleusercontent.com/search?q=cache:nmQwuIzQEPEJ:https://javascript.info/keyboard-events+&cd=7&ct=clnk&gl=uk,https://javascript.info/deleted
https://translate.googleusercontent.com/translate_c?depth=3&nv=1&sl=auto&sp=nmt4&tl=bn&u=https://javascript.info/,https://javascript.info/deleted
https://translate.googleusercontent.com/translate_c?depth=3&nv=1&sl=auto&sp=nmt4&tl=bn&u=https://javascript.info/function-expressions-arrows,https://javascript.info/deleted
https://translate.googleusercontent.com/translate_c?depth=4&nv=1&sl=auto&sp=nmt4&tl=bn&u=https://javascript.info/function-expressions-arrows,https://javascript.info/deleted
https://javascript.info/bubbling-and-capturing?map,https://javascript.info/bubbling-and-capturing
https://javascript.info/browser-environment?yo=what,https://javascript.info/browser-environment
https://codepen.io/carbonads/screenshot/wyMdxw/?TOTAL_NET_WORTH=oneBillion,https://javascript.info/deleted
https://javascript.info/courses,https://javascript.info/courses
https://web.archive.org/web/20110306175607/http://javascript.info/node/152,https://javascript.info/deleted
https://javascript.info/courses/angular,https://javascript.info/courses/angular
https://javascript.info/courses/react,https://javascript.info/courses/react
https://javascript.info/courses/js,https://javascript.info/courses/js
https://javascript.info/courses/nodejs,https://javascript.info/courses/nodejs
https://web.archive.org/web/20110504032057/http://javascript.info/node/274,https://javascript.info/deleted
http://javascript.local:3000/,https://javascript.info/deleted
https://dev.javascript.ru/,https://javascript.info/deleted
http://ru.javascript.info/courses,https://javascript.info/deleted
http://javascript.info/xmlhttprequest,https://javascript.info/xmlhttprequest
"https://translate.googleusercontent.com/translate_c?depth=1&prev=search&sl=en&sp=nmt4&u=https://javascript.info/while-for&xid=17259,15700023,15700124,15700149,15700186,15700190,15700201,15700214",https://javascript.info/deleted
"https://translate.googleusercontent.com/translate_c?depth=1&sl=en&sp=nmt4&tl=hr&u=https://javascript.info/logical-operators&xid=17259,15700023,15700124,15700149,15700186,15700190,15700201,15700214",https://javascript.info/deleted
"https://translate.googleusercontent.com/translate_c?depth=1&sl=en&sp=nmt4&tl=hr&u=https://javascript.info/while-for&xid=17259,15700022,15700124,15700149,15700186,15700191,15700201,15700214",https://javascript.info/deleted
"https://translate.googleusercontent.com/translate_c?depth=1&sl=en&sp=nmt4&tl=zh-TW&u=https://javascript.info/while-for&xid=17259,15700021,15700124,15700149,15700186,15700190,15700201,15700214",https://javascript.info/deleted
http://javascript.info/array?map,https://javascript.info/array
"https://translate.googleusercontent.com/translate_c?depth=1&prev=search&sl=en&sp=nmt4&u=https://javascript.info/size-and-scroll-window&xid=17259,15700002,15700023,15700124,15700149,15700186,15700190,15700201,15700214",https://javascript.info/deleted
"https://translate.googleusercontent.com/translate_c?depth=1&prev=search&sl=en&sp=nmt4&u=https://javascript.info/&xid=17259,1500000,15700021,15700124,15700149,15700186,15700191,15700201,15700214",https://javascript.info/deleted
"https://translate.googleusercontent.com/translate_c?depth=1&sl=auto&sp=nmt4&tl=it&u=https://javascript.info/while-for&xid=17259,15700021,15700124,15700149,15700186,15700190,15700201,15700214",https://javascript.info/deleted
"https://translate.googleusercontent.com/translate_c?depth=1&prev=search&sl=en&sp=nmt4&u=https://javascript.info/while-for&xid=17259,15700002,15700023,15700124,15700149,15700186,15700191,15700201,15700214",https://javascript.info/deleted
"https://translate.googleusercontent.com/translate_c?depth=1&prev=search&sl=en&sp=nmt4&u=https://javascript.info/switch&xid=17259,15700002,15700023,15700124,15700149,15700186,15700191,15700201,15700214",https://javascript.info/deleted
"https://translate.googleusercontent.com/translate_c?depth=1&prev=search&sl=en&sp=nmt4&u=https://javascript.info/function-basics&xid=17259,15700002,15700023,15700124,15700149,15700186,15700191,15700201,15700214",https://javascript.info/deleted
"https://translate.googleusercontent.com/translate_c?depth=1&prev=search&sl=en&sp=nmt4&u=https://javascript.info/function-expressions-arrows&xid=17259,15700002,15700023,15700124,15700149,15700186,15700191,15700201,15700214",https://javascript.info/deleted
"https://translate.googleusercontent.com/translate_c?depth=1&prev=search&sl=en&sp=nmt4&u=https://javascript.info/javascript-specials&xid=17259,15700002,15700023,15700124,15700149,15700186,15700191,15700201,15700214",https://javascript.info/deleted
"https://translate.googleusercontent.com/translate_c?depth=1&prev=search&sl=en&sp=nmt4&u=https://javascript.info/debugging-chrome&xid=17259,15700002,15700023,15700124,15700149,15700186,15700191,15700201,15700214",https://javascript.info/deleted
"https://translate.googleusercontent.com/translate_c?depth=1&prev=search&sl=en&sp=nmt4&u=https://javascript.info/coding-style&xid=17259,15700002,15700023,15700124,15700149,15700186,15700191,15700201,15700214",https://javascript.info/deleted
"https://translate.googleusercontent.com/translate_c?depth=1&prev=search&sl=en&sp=nmt4&u=https://javascript.info/comments&xid=17259,15700002,15700023,15700124,15700149,15700186,15700191,15700201,15700214",https://javascript.info/deleted
"https://translate.googleusercontent.com/translate_c?depth=1&prev=search&sl=en&sp=nmt4&u=https://javascript.info/ninja-code&xid=17259,15700002,15700023,15700124,15700149,15700186,15700191,15700201,15700214",https://javascript.info/deleted
"https://translate.googleusercontent.com/translate_c?depth=1&prev=search&sl=en&sp=nmt4&u=https://javascript.info/js-animation&xid=17259,15700002,15700023,15700124,15700149,15700186,15700191,15700201,15700214",https://javascript.info/deleted
"https://translate.googleusercontent.com/translate_c?depth=1&prev=search&sl=en&sp=nmt4&u=https://javascript.info/&xid=17259,15700002,15700023,15700124,15700149,15700186,15700191,15700201,15700214",https://javascript.info/deleted
https://javascript.info/?map,https://javascript.info/
"https://translate.googleusercontent.com/translate_c?depth=1&sl=auto&sp=nmt4&tl=it&u=https://javascript.info/function-basics&xid=17259,15700021,15700124,15700149,15700186,15700190,15700201,15700214",https://javascript.info/deleted
https://web.archive.org/web/20170420030220/https://javascript.info/,https://javascript.info/deleted
https://javascript.info/modules-intro,https://javascript.info/modules-intro
https://javascript.info/import-export,https://javascript.info/import-export
https://javascript.info/modules-dynamic-imports,https://javascript.info/modules-dynamic-imports
https://javascript.info/generator,https://javascript.info/generator
https://javascript.info/generators,https://javascript.info/generators
https://javascript.info/async-iteration,https://javascript.info/async-iteration
https://javascript.info/promise-errors,https://javascript.info/promise-errors
https://javascript.info/promise-error-handling,https://javascript.info/promise-error-handling
https://javascript.info/async-iteration-generators,https://javascript.info/async-iteration-generators
https://javascript.info/regexp-lookahead-lookbehind,https://javascript.info/regexp-lookahead-lookbehind
https://javascript.info/regexp-unicode-properties,https://javascript.info/regexp-unicode-properties
https://javascript.info/regexp-sticky,https://javascript.info/regexp-sticky
https://javascript.info/class-static,https://javascript.info/class-static
https://javascript.info/extend-natives,https://javascript.info/extend-natives
https://javascript.info/private-protected-properties-methods,https://javascript.info/private-protected-properties-methods
https://javascript.info/static-properties-methods,https://javascript.info/static-properties-methods
https://javascript.info/getting-all-properties,https://javascript.info/getting-all-properties
https://javascript.info/promise-queue,https://javascript.info/promise-queue
https://javascript.info/async-iterators-generators,https://javascript.info/async-iterators-generators
https://javascript.info/cookie,https://javascript.info/cookie
https://javascript.info/localstorage,https://javascript.info/localstorage
http://javascript.local/promisify,https://javascript.info/deleted
http://javascript.local/indexeddb,https://javascript.info/deleted
https://javascript.info/microtask-queue,https://javascript.info/microtask-queue
http://javascript.local/fetch,https://javascript.info/deleted
http://javascript.local/fetch-api,https://javascript.info/deleted
http://javascript.local/binary-intro,https://javascript.info/deleted
http://javascript.local/text-decoder,https://javascript.info/deleted
http://javascript.local/blob,https://javascript.info/deleted
http://javascript.local/file,https://javascript.info/deleted
http://javascript.local/url,https://javascript.info/deleted
http://javascript.local/,https://javascript.info/deleted
http://javascript.local/fetch-basics,https://javascript.info/deleted
http://javascript.local/fetch-progress,https://javascript.info/deleted
http://javascript.local/fetch-crossorigin,https://javascript.info/deleted
http://javascript.local/arraybuffer-binary-arrays,https://javascript.info/deleted
http://javascript.local/fetch-abort,https://javascript.info/deleted
http://javascript.local/websocket,https://javascript.info/deleted
http://javascript.local/mutation-observer,https://javascript.info/deleted
https://examplejs.org/,https://javascript.info/deleted
http://javascript.local/script-async-defer,https://javascript.info/deleted
http://javascript.local/webcomponents-intro,https://javascript.info/deleted
http://javascript.local/custom-elements,https://javascript.info/deleted
http://javascript.local/shadow-dom,https://javascript.info/deleted
http://javascript.local/template-tag,https://javascript.info/deleted
http://javascript.local/shadow-dom-style,https://javascript.info/deleted
http://javascript.local/template-element,https://javascript.info/deleted
http://javascript.local/slots-composition,https://javascript.info/deleted
http://javascript.local/shadow-dom-events,https://javascript.info/deleted
http://javascript.local/proxy,https://javascript.info/deleted
https://javascript.info/eval,https://javascript.info/eval
http://javascript.local/server-sent-events,https://javascript.info/deleted
http://javascript.local/manuals-specifications,https://javascript.info/deleted
http://javascript.local/event-loop,https://javascript.info/deleted
http://javascript.local/selection-range,https://javascript.info/deleted
http://javascript.local/formdata,https://javascript.info/deleted
https://javascript.info/long-polling,https://javascript.info/long-polling
https://javascript.info/resume-upload,https://javascript.info/resume-upload
https://javascript.info/fetch-basics,https://javascript.info/fetch
